,precision,recall,f1-score,support
W,0.8425531914893617,0.7443609022556391,0.7904191616766467,266.0
N1,0.0,0.0,0.0,7.0
N2,0.48,0.5217391304347826,0.5,46.0
N3,0.5555555555555556,0.8181818181818182,0.6617647058823529,55.0
REM,0.3235294117647059,0.4230769230769231,0.36666666666666664,26.0
accuracy,0.695,0.695,0.695,0.695
macro avg,0.44032763176192463,0.5014717547898326,0.46377010684513326,400.0
weighted avg,0.7129161729940203,0.695,0.6979547229071269,400.0
